{
  "hash": "a96e2d7b",
  "configHash": "919aa392",
  "lockfileHash": "b346f864",
  "browserHash": "d19e13d4",
  "optimized": {
    "@angular/common": {
      "src": "../../../../../node_modules/@angular/common/fesm2022/common.mjs",
      "file": "@angular_common.js",
      "fileHash": "cb3b3c1c",
      "needsInterop": false
    },
    "@angular/core": {
      "src": "../../../../../node_modules/@angular/core/fesm2022/core.mjs",
      "file": "@angular_core.js",
      "fileHash": "9180f6b8",
      "needsInterop": false
    },
    "@angular/forms": {
      "src": "../../../../../node_modules/@angular/forms/fesm2022/forms.mjs",
      "file": "@angular_forms.js",
      "fileHash": "01799aab",
      "needsInterop": false
    },
    "@angular/platform-browser": {
      "src": "../../../../../node_modules/@angular/platform-browser/fesm2022/platform-browser.mjs",
      "file": "@angular_platform-browser.js",
      "fileHash": "3173a21a",
      "needsInterop": false
    },
    "@angular/router": {
      "src": "../../../../../node_modules/@angular/router/fesm2022/router.mjs",
      "file": "@angular_router.js",
      "fileHash": "54cec460",
      "needsInterop": false
    }
  },
  "chunks": {
    "chunk-UHBUL5DV": {
      "file": "chunk-UHBUL5DV.js"
    },
    "chunk-LIK5DR5J": {
      "file": "chunk-LIK5DR5J.js"
    },
    "chunk-57SFBYUE": {
      "file": "chunk-57SFBYUE.js"
    }
  }
}